"Path","Platform","Compiled","Cooked","Permutations","Compiletime","CompiledDouble","CookedDouble"
"Globals","0","34","0","1","0.000000","0","0"
"/SpeedTreeImporter/SpeedTree9/SpeedTreeMaster.SpeedTreeMaster","0","28","32","1","0.000000","0","32"
"/SpeedTreeImporter/SpeedTree9/SpeedTreeBillboardMaster.SpeedTreeBillboardMaster","0","28","32","1","0.000000","0","32"
"/InterchangeAssets/gltf/M_ClearCoat.M_ClearCoat","0","118","136","6","0.000000","0","136"
"/Engine/EngineMaterials/Widget3DPassThrough.Widget3DPassThrough","0","45","50","6","54.775620","0","55"
"/Engine/EditorLandscapeResources/LandscapeLayerUsageMaterial.LandscapeLayerUsageMaterial","0","2","2","1","4.030111","0","2"
"/Game/Characters/Mannequins/Materials/M_Mannequin.M_Mannequin","0","56","64","2","61.376308","0","64"
"/Engine/EngineDebugMaterials/BlackUnlitMaterial.BlackUnlitMaterial","0","6","6","1","8.576337","4","14"
"/InterchangeAssets/gltf/M_Unlit.M_Unlit","0","90","100","6","0.000000","0","100"
"/InterchangeAssets/gltf/M_SpecularGlossiness.M_SpecularGlossiness","0","110","120","6","0.000000","0","120"
"/Fab/Materials/Standard/M_MS_Base.M_MS_Base","0","11","12","1","24.514904","11","36"
"/Game/LIDAR/Material/M_Point.M_Point","0","24","26","1","61.744076","0","26"
"/Game/LevelPrototyping/Materials/M_FlatCol.M_FlatCol","0","9","9","1","0.000000","0","9"
"/InterchangeAssets/gltf/M_Transmission.M_Transmission","0","36","36","2","0.000000","0","36"
"/InterchangeAssets/gltf/M_Sheen.M_Sheen","0","110","120","6","0.000000","0","120"
"/InterchangeAssets/gltf/M_Default.M_Default","0","132","154","7","39.414455","0","154"
"/Engine/EngineSky/VolumetricClouds/m_SimpleVolumetricCloud.m_SimpleVolumetricCloud","0","90","90","1","13.139695","0","90"
"/Paper2D/DefaultSpriteMaterial.DefaultSpriteMaterial","0","36","42","2","0.000000","0","42"
"/ControlRig/M_Manip.M_Manip","0","8","9","1","0.000000","0","9"
"/Game/LevelPrototyping/Materials/M_PrototypeGrid.M_PrototypeGrid","0","3","3","1","0.000000","0","3"
"/MeshModelingToolsetExp/Materials/PointSetOverlaidComponentMaterial.PointSetOverlaidComponentMaterial","0","8","9","1","0.000000","0","9"
"/HairStrands/Materials/HairDebugMaterial.HairDebugMaterial","0","57","63","1","0.000000","0","63"
"/Engine/EditorLandscapeResources/MaskBrushMaterial.MaskBrushMaterial","0","5","5","1","5.699257","1","5"
"/Engine/VREditor/SnapGrid/SnapGridMaterial.SnapGridMaterial","0","14","14","1","15.602727","0","14"
"/Engine/EditorLandscapeResources/SelectBrushMaterial.SelectBrushMaterial","0","10","10","2","12.199890","0","10"
"/Game/kar/kar_wheel.kar_wheel","0","6","6","1","12.186280","0","6"
"/Game/kar/Kar_tracks.Kar_tracks","0","6","6","1","1.560704","0","6"
"/Game/kar/kar_misc.kar_misc","0","6","6","1","0.000000","0","6"
"/LidarScanner/Materials/M_LidarDots.M_LidarDots","0","12","14","1","25.521187","0","14"
"/Game/kar/Kar_base.Kar_base","0","6","6","1","0.000000","0","6"
"/InterchangeAssets/Materials/FBXLegacyPhongSurfaceMaterial.FBXLegacyPhongSurfaceMaterial","0","18","18","2","36.091759","0","18"
"/HairStrands/Materials/HairDefaultMaterial.HairDefaultMaterial","0","33","36","1","0.000000","0","36"
"/Engine/EngineDebugMaterials/M_VolumeRenderSphereTracePP.M_VolumeRenderSphereTracePP","0","5","5","1","4.215331","0","5"
"/Engine/EngineMaterials/DefaultPostProcessMaterial.DefaultPostProcessMaterial","0","31","31","1","25.983389","0","31"
"/Engine/EngineMaterials/M_InvalidLightmapSettings.M_InvalidLightmapSettings","0","6","6","1","11.778261","0","6"
"/Engine/EngineMaterials/FlattenMaterial.FlattenMaterial","0","9","9","1","18.073208","0","9"
"/Game/LIDAR/Material/M_Decal.M_Decal","0","13","13","1","19.112917","0","13"
"/Engine/EngineSky/M_Sky_Panning_Clouds2.M_Sky_Panning_Clouds2","0","2","2","1","2.822051","0","2"
"/HairStrands/Materials/HairCardsDefaultMaterial.HairCardsDefaultMaterial","0","57","63","1","0.000000","0","63"
"/HairStrands/Materials/HairMeshesDefaultMaterial.HairMeshesDefaultMaterial","0","33","36","1","0.000000","0","36"
"/ControlRig/Controls/ControlRigXRayMaterial.ControlRigXRayMaterial","0","8","9","1","0.000000","0","9"
"/Engine/EditorMaterials/PreviewShadowIndicatorMaterial.PreviewShadowIndicatorMaterial","0","25","25","1","3.439834","0","25"
"/Engine/EngineMaterials/RemoveSurfaceMaterial.RemoveSurfaceMaterial","0","2","2","1","0.000000","0","2"
"/Engine/VREditor/TransformGizmo/TransformGizmoMaterial.TransformGizmoMaterial","0","2","2","1","3.994080","0","2"
"/LidarScanner/Materials/M_CompositePass.M_CompositePass","0","5","5","1","3.855762","0","5"
"/Engine/EditorLandscapeResources/ColorMaskBrushMaterial.ColorMaskBrushMaterial","0","5","5","1","5.946127","0","5"
"/Engine/EditorLandscapeResources/LandscapeDirtyMaterial.LandscapeDirtyMaterial","0","5","5","1","8.550085","0","5"
"/Engine/EngineMaterials/EmissiveMeshMaterial.EmissiveMeshMaterial","0","14","14","1","16.126013","0","14"
"/Engine/EngineSky/M_SimpleSkyDome.M_SimpleSkyDome","0","2","2","1","4.094884","0","2"
"/InterchangeAssets/Materials/UnlitMaterial.UnlitMaterial","0","4","4","1","0.000000","0","4"
"/Engine/EngineMaterials/PPM_DefaultCalibrationGrayscale.PPM_DefaultCalibrationGrayscale","0","5","5","1","3.928556","0","5"
"/Engine/EngineMaterials/PPM_DefaultCalibrationColor.PPM_DefaultCalibrationColor","0","5","5","1","2.009876","0","5"
"/Engine/VREditor/TransformGizmo/TranslucentTransformGizmoMaterial.TranslucentTransformGizmoMaterial","0","5","5","1","1.701079","0","5"
"/Engine/EditorMaterials/Dataflow/DataflowTwoSidedVertexMaterial.DataflowTwoSidedVertexMaterial","0","12","0","1","0.000000","0","0"
"/Engine/EditorMaterials/Dataflow/DataflowTwoSidedVertexMaterial.SculptMaterial","0","6","7","1","8.017780","0","0"
"/Engine/EngineMaterials/NaniteHiddenSectionMaterial.NaniteHiddenSectionMaterial","0","12","14","1","22.989948","0","14"
"/Engine/EngineDebugMaterials/DebugMeshMaterial.DebugMeshMaterial","0","7","0","1","0.000000","0","0"
"/Engine/EngineMaterials/GizmoMaterial.GizmoMaterial","0","5","0","1","0.000000","0","0"
"/Engine/EditorMaterials/PhAT_UnselectedMaterial.PhAT_UnselectedMaterial","0","5","5","1","1.659274","0","5"
"/Engine/EditorMaterials/PhAT_NoCollisionMaterial.PhAT_NoCollisionMaterial","0","5","5","1","1.998152","0","5"
"/Game/LIDAR/Material/M_Master.M_Master","0","8","0","1","0.000000","0","0"
"/Engine/EngineMaterials/PhAT_JointLimitMaterial.PhAT_JointLimitMaterial","0","8","9","1","11.219276","0","9"
"/Engine/EditorLandscapeResources/LayerVisMaterial.LayerVisMaterial","0","2","2","1","3.463137","0","2"
"/Engine/BufferVisualization/WorldNormal.WorldNormal","0","5","5","1","3.020274","0","5"
"/Engine/EngineMaterials/FlattenMaterial_VT.FlattenMaterial_VT","0","6","6","1","13.642108","0","6"
"/Engine/EngineMaterials/FlattenMaterial_WS_Normal_VT.FlattenMaterial_WS_Normal_VT","0","6","6","1","10.191391","0","6"
"/Engine/EngineMaterials/DefaultLightFunctionMaterial.DefaultLightFunctionMaterial","0","37","37","1","1.936175","0","37"
"/Engine/EngineMaterials/DefaultTextMaterialOpaque.DefaultTextMaterialOpaque","0","14","0","1","0.000000","0","0"
"/Engine/EngineMaterials/DefaultDeferredDecalMaterial.DefaultDeferredDecalMaterial","0","75","0","1","0.000000","0","0"
"/Engine/EditorMaterials/Camera/CineMat.CineMat","0","6","6","1","12.242243","0","6"
"/Engine/EditorLandscapeResources/SplineEditorMeshMat.SplineEditorMeshMat","0","10","12","1","19.252365","0","12"
"/Engine/EngineDebugMaterials/M_SimpleUnlitTranslucent.M_SimpleUnlitTranslucent","0","5","5","1","1.800946","0","5"
"/Engine/BasicShapes/BasicShapeMaterial.BasicShapeMaterial","0","9","9","1","10.801722","0","9"
"/Engine/EditorMaterials/Dataflow/DataflowVertexMaterial.DataflowVertexMaterial","0","12","14","1","27.992373","0","14"
"/Engine/EngineMaterials/DefaultMaterial.DefaultMaterial","0","24","24","1","47.558964","0","24"
"/ControlRig/Controls/ControlRigGizmoMaterial.ControlRigGizmoMaterial","0","2","2","1","0.000000","0","2"
"/Engine/EngineMaterials/WorldGridMaterial.WorldGridMaterial","0","584","0","1","0.000000","0","0"
"/Engine/EngineDebugMaterials/DebugEditorMaterial.DebugEditorMaterial","0","5","0","1","0.000000","0","0"
"Globals","49","17394","0","1","0.000000","0","0"
"/SpeedTreeImporter/SpeedTree9/SpeedTreeMaster.SpeedTreeMaster","49","44","48","1","0.000000","0","48"
"/Game/Characters/Mannequins/Materials/M_Mannequin.M_Mannequin","49","76","84","2","27.872969","0","84"
"/Engine/EngineMaterials/Widget3DPassThrough.Widget3DPassThrough","49","81","86","6","53.102718","0","96"
"/Engine/EditorLandscapeResources/LandscapeLayerUsageMaterial.LandscapeLayerUsageMaterial","49","7","7","1","5.970777","0","7"
"/SpeedTreeImporter/SpeedTree9/SpeedTreeBillboardMaster.SpeedTreeBillboardMaster","49","44","48","1","0.000000","0","48"
"/InterchangeAssets/gltf/M_ClearCoat.M_ClearCoat","49","166","184","6","0.000000","0","184"
"/Engine/EngineDebugMaterials/BlackUnlitMaterial.BlackUnlitMaterial","49","12","12","1","0.000000","9","30"
"/Game/LIDAR/Material/M_Point.M_Point","49","38","40","1","22.812925","0","40"
"NS_LidarScanner","49","2","0","1","0.000000","0","0"
"/Game/LevelPrototyping/Materials/M_FlatCol.M_FlatCol","49","22","22","1","0.000000","0","22"
"/InterchangeAssets/gltf/M_Unlit.M_Unlit","49","204","214","6","0.000000","0","214"
"/InterchangeAssets/gltf/M_SpecularGlossiness.M_SpecularGlossiness","49","158","168","6","0.000000","0","168"
"/InterchangeAssets/Materials/FBXLegacyPhongSurfaceMaterial.FBXLegacyPhongSurfaceMaterial","49","48","48","2","84.083580","0","48"
"/InterchangeAssets/gltf/M_Transmission.M_Transmission","49","54","54","2","0.000000","0","54"
"/Fab/Materials/Standard/M_MS_Base.M_MS_Base","49","18","19","1","0.000000","18","57"
"/Game/kar/kar_wheel.kar_wheel","49","11","11","1","11.951716","0","11"
"/Game/kar/Kar_tracks.Kar_tracks","49","11","11","1","0.000000","0","11"
"/Game/kar/kar_misc.kar_misc","49","11","11","1","0.000000","0","11"
"/LidarScanner/Materials/M_LidarDots.M_LidarDots","49","20","22","1","26.173092","0","22"
"/Game/kar/Kar_base.Kar_base","49","11","11","1","0.000000","0","11"
"/InterchangeAssets/gltf/M_Sheen.M_Sheen","49","158","168","6","0.000000","0","168"
"/InterchangeAssets/gltf/M_Default.M_Default","49","185","207","7","16.176252","0","207"
"/Game/LevelPrototyping/Materials/M_PrototypeGrid.M_PrototypeGrid","49","13","13","1","0.000000","0","13"
"/MeshModelingToolsetExp/Materials/PointSetOverlaidComponentMaterial.PointSetOverlaidComponentMaterial","49","13","14","1","0.000000","0","14"
"/Game/LIDAR/Material/M_Decal.M_Decal","49","16","16","1","16.990587","0","16"
"/Engine/EditorLandscapeResources/MaskBrushMaterial.MaskBrushMaterial","49","10","10","1","13.762901","0","10"
"/Engine/VREditor/SnapGrid/SnapGridMaterial.SnapGridMaterial","49","22","22","1","31.818283","0","22"
"/Paper2D/DefaultSpriteMaterial.DefaultSpriteMaterial","49","58","64","2","0.000000","0","64"
"/Engine/EditorLandscapeResources/SelectBrushMaterial.SelectBrushMaterial","49","20","20","2","20.768677","0","20"
"/Engine/EngineSky/M_Sky_Panning_Clouds2.M_Sky_Panning_Clouds2","49","7","7","1","6.126081","0","7"
"/Engine/EngineSky/VolumetricClouds/m_SimpleVolumetricCloud.m_SimpleVolumetricCloud","49","93","93","1","0.000000","0","93"
"/Engine/EngineMaterials/DefaultMaterial.DefaultMaterial","49","45","45","1","40.867901","0","45"
"/Engine/EngineMaterials/DefaultDeferredDecalMaterial.DefaultDeferredDecalMaterial","49","80","80","1","22.264708","0","0"
"/Engine/EngineMaterials/DefaultTextMaterialOpaque.DefaultTextMaterialOpaque","49","22","24","1","16.391703","0","0"
"/Engine/EngineMaterials/WorldGridMaterial.WorldGridMaterial","49","1787","1809","1","264.885712","0","0"
"","49","512","0","1","0.000000","513","0"
"/Engine/VREditor/TransformGizmo/TransformGizmoMaterial.TransformGizmoMaterial","49","7","7","1","5.117275","0","7"
"/LidarScanner/Materials/M_CompositePass.M_CompositePass","49","8","8","1","1.428811","0","8"
"/Engine/EngineMaterials/FlattenMaterial_VT.FlattenMaterial_VT","49","16","16","1","19.647343","0","16"
"/Engine/EngineMaterials/FlattenMaterial_WS_Normal_VT.FlattenMaterial_WS_Normal_VT","49","16","16","1","19.996550","0","16"
"/ControlRig/M_Manip.M_Manip","49","13","14","1","0.000000","0","14"
"/Engine/EngineMaterials/PhAT_JointLimitMaterial.PhAT_JointLimitMaterial","49","13","14","1","9.252239","0","14"
"/Engine/EditorLandscapeResources/LayerVisMaterial.LayerVisMaterial","49","7","7","1","6.152445","0","7"
"/Engine/EditorLandscapeResources/ColorMaskBrushMaterial.ColorMaskBrushMaterial","49","10","10","1","9.493190","0","10"
"/Engine/EditorLandscapeResources/LandscapeDirtyMaterial.LandscapeDirtyMaterial","49","10","10","1","9.857294","0","10"
"/Engine/EngineMaterials/EmissiveMeshMaterial.EmissiveMeshMaterial","49","21","21","1","13.274624","0","21"
"/Engine/EngineMaterials/M_InvalidLightmapSettings.M_InvalidLightmapSettings","49","16","16","1","12.857712","0","16"
"/Engine/EngineMaterials/FlattenMaterial.FlattenMaterial","49","22","22","1","24.985506","0","22"
"/HairStrands/Materials/HairDebugMaterial.HairDebugMaterial","49","73","79","1","0.000000","0","79"
"/Engine/EngineDebugMaterials/M_VolumeRenderSphereTracePP.M_VolumeRenderSphereTracePP","49","8","8","1","2.119843","0","8"
"/Engine/EngineMaterials/DefaultPostProcessMaterial.DefaultPostProcessMaterial","49","34","34","1","10.868601","0","34"
"/Engine/EditorMaterials/PreviewShadowIndicatorMaterial.PreviewShadowIndicatorMaterial","49","66","66","1","4.209629","0","66"
"/Engine/EngineMaterials/DefaultLightFunctionMaterial.DefaultLightFunctionMaterial","49","78","78","1","3.445868","0","78"
"/Engine/EngineMaterials/PPM_DefaultCalibrationGrayscale.PPM_DefaultCalibrationGrayscale","49","8","8","1","1.074389","0","8"
"/Engine/EngineMaterials/PPM_DefaultCalibrationColor.PPM_DefaultCalibrationColor","49","8","8","1","0.583640","0","8"
"/Engine/EditorMaterials/Camera/CineMat.CineMat","49","14","14","1","12.633355","0","14"
"/Engine/EditorLandscapeResources/SplineEditorMeshMat.SplineEditorMeshMat","49","22","24","1","25.172943","0","24"
"/HairStrands/Materials/HairDefaultMaterial.HairDefaultMaterial","49","42","45","1","0.000000","0","45"
"/HairStrands/Materials/HairCardsDefaultMaterial.HairCardsDefaultMaterial","49","73","79","1","0.000000","0","79"
"/HairStrands/Materials/HairMeshesDefaultMaterial.HairMeshesDefaultMaterial","49","42","45","1","0.000000","0","45"
"/Engine/VREditor/TransformGizmo/TranslucentTransformGizmoMaterial.TranslucentTransformGizmoMaterial","49","10","10","1","6.009924","0","10"
"/Engine/EngineDebugMaterials/M_SimpleUnlitTranslucent.M_SimpleUnlitTranslucent","49","10","10","1","5.383021","0","10"
"/ControlRig/Controls/ControlRigXRayMaterial.ControlRigXRayMaterial","49","13","14","1","0.000000","0","14"
"/Engine/BasicShapes/BasicShapeMaterial.BasicShapeMaterial","49","27","27","1","20.101912","0","27"
"/Engine/EditorMaterials/Dataflow/DataflowVertexMaterial.DataflowVertexMaterial","49","17","19","1","13.447403","0","19"
"/Engine/EditorMaterials/Dataflow/DataflowTwoSidedVertexMaterial.DataflowTwoSidedVertexMaterial","49","17","19","1","13.475531","0","0"
"/Engine/EditorMaterials/Dataflow/DataflowTwoSidedVertexMaterial.SculptMaterial","49","11","12","1","7.552066","0","0"
"/Engine/EngineMaterials/NaniteHiddenSectionMaterial.NaniteHiddenSectionMaterial","49","19","21","1","13.821012","0","21"
"/Engine/EngineMaterials/RemoveSurfaceMaterial.RemoveSurfaceMaterial","49","7","7","1","0.000000","0","7"
"/Engine/EngineDebugMaterials/DebugMeshMaterial.DebugMeshMaterial","49","12","12","1","0.838238","0","0"
"/Engine/EngineMaterials/GizmoMaterial.GizmoMaterial","49","10","11","1","5.154681","0","0"
"/Engine/EditorMaterials/PhAT_UnselectedMaterial.PhAT_UnselectedMaterial","49","10","10","1","6.004775","0","10"
"/Engine/EditorMaterials/PhAT_NoCollisionMaterial.PhAT_NoCollisionMaterial","49","10","10","1","5.808418","0","10"
"/Game/LIDAR/Material/M_Master.M_Master","49","13","15","1","6.931141","0","0"
"/Engine/BufferVisualization/WorldNormal.WorldNormal","49","8","8","1","0.362624","0","8"
"/Engine/EngineSky/M_SimpleSkyDome.M_SimpleSkyDome","49","7","7","1","2.079739","0","7"
"/InterchangeAssets/Materials/UnlitMaterial.UnlitMaterial","49","9","9","1","0.000000","0","9"
"/Engine/EngineDebugMaterials/DebugEditorMaterial.DebugEditorMaterial","49","10","11","1","6.829567","0","0"
"/ControlRig/Controls/ControlRigGizmoMaterial.ControlRigGizmoMaterial","49","7","7","1","0.000000","0","7"
